{"root":[{"assemblyName":"Photon.Realtime","nameSpace":"Photon.Realtime","className":"AsyncSetup","methodName":"Startup","loadTypes":0,"isUnityClass":false},{"assemblyName":"Photon.Realtime","nameSpace":"Photon.Realtime","className":"ConnectionHandler","methodName":"StaticReset","loadTypes":4,"isUnityClass":false},{"assemblyName":"Quantum.Simulation","nameSpace":"Quantum","className":"Statics","methodName":"Init","loadTypes":0,"isUnityClass":false},{"assemblyName":"Quantum.Unity","nameSpace":"Quantum","className":"QuantumCallback","methodName":"SetupDefaultHandlers","loadTypes":0,"isUnityClass":false},{"assemblyName":"Quantum.Unity","nameSpace":"Quantum","className":"QuantumRunnerRegistry","methodName":"Reset","loadTypes":0,"isUnityClass":false},{"assemblyName":"Quantum.Unity","nameSpace":"Quantum","className":"QuantumRunnerUnityFactory","methodName":"InitializeOnLoad","loadTypes":0,"isUnityClass":false},{"assemblyName":"Quantum.Unity","nameSpace":"Quantum","className":"QuantumUnityLogger","methodName":"Initialize","loadTypes":4,"isUnityClass":false},{"assemblyName":"Quantum.Unity","nameSpace":"Quantum.Profiling","className":"QuantumGraphProfilers","methodName":"InitializeSubSystem","loadTypes":4,"isUnityClass":false},{"assemblyName":"Unity.VisualScripting.Core","nameSpace":"Unity.VisualScripting","className":"RuntimeVSUsageUtility","methodName":"RuntimeInitializeOnLoadBeforeSceneLoad","loadTypes":1,"isUnityClass":true}]}
